{
  "average_score": 13.98,
  "eval_output_items": [
    {
      "id": "incident_001",
      "score": 15.0174,
      "reasoning": {
        "num_llm_calls": 12,
        "latencies": [
          4.246806859970093,
          21.708532094955444,
          18.858166933059692,
          18.376506090164185,
          9.77525520324707,
          24.386260986328125,
          11.211666107177734,
          27.79149603843689,
          10.417609930038452,
          12.615041971206665,
          8.396595001220703,
          12.42496109008789
        ]
      },
      "error": null
    },
    {
      "id": "incident_002",
      "score": 14.1317,
      "reasoning": {
        "num_llm_calls": 12,
        "latencies": [
          4.7924089431762695,
          16.15985894203186,
          18.58101487159729,
          21.688145875930786,
          9.010623931884766,
          19.484984874725342,
          11.505664110183716,
          22.813522815704346,
          10.659732103347778,
          11.717737913131714,
          9.898754119873047,
          13.267759084701538
        ]
      },
      "error": null
    },
    {
      "id": "incident_003",
      "score": 12.7771,
      "reasoning": {
        "num_llm_calls": 12,
        "latencies": [
          5.315631866455078,
          17.132012128829956,
          17.782761096954346,
          21.1681489944458,
          10.644661903381348,
          17.434863328933716,
          12.684115886688232,
          17.22494411468506,
          10.62178897857666,
          8.662823915481567,
          5.955835342407227,
          8.697651147842407
        ]
      },
      "error": null
    }
  ]
}