{
  "version": "1.0",
  "generated_at": "2026-02-13T18:10:43.144788+00:00",
  "workflow_name": "profiled_workflow",
  "root": {
    "name": "root",
    "predictions_by_call_index": {
      "1": {
        "remaining_calls": {
          "sample_count": 3,
          "mean": 6.0,
          "p50": 6.0,
          "p90": 6.0,
          "p95": 6.0
        },
        "interarrival_ms": {
          "sample_count": 3,
          "mean": 1.8059412638346355,
          "p50": 1.7931461334228516,
          "p90": 1.8455982208251953,
          "p95": 1.8521547317504883
        },
        "output_tokens": {
          "sample_count": 3,
          "mean": 1672.3333333333333,
          "p50": 1701.0,
          "p90": 1726.6,
          "p95": 1729.8
        }
      },
      "2": {
        "remaining_calls": {
          "sample_count": 3,
          "mean": 5.0,
          "p50": 5.0,
          "p90": 5.0,
          "p95": 5.0
        },
        "interarrival_ms": {
          "sample_count": 3,
          "mean": 2.2406578063964844,
          "p50": 2.4890899658203125,
          "p90": 2.7505874633789062,
          "p95": 2.7832746505737305
        },
        "output_tokens": {
          "sample_count": 3,
          "mean": 2048.0,
          "p50": 2048.0,
          "p90": 2048.0,
          "p95": 2048.0
        }
      },
      "3": {
        "remaining_calls": {
          "sample_count": 3,
          "mean": 4.0,
          "p50": 4.0,
          "p90": 4.0,
          "p95": 4.0
        },
        "interarrival_ms": {
          "sample_count": 3,
          "mean": 2.540747324625651,
          "p50": 2.7360916137695312,
          "p90": 2.8177261352539062,
          "p95": 2.827930450439453
        },
        "output_tokens": {
          "sample_count": 3,
          "mean": 1773.6666666666667,
          "p50": 1744.0,
          "p90": 1863.2,
          "p95": 1878.1
        }
      },
      "4": {
        "remaining_calls": {
          "sample_count": 3,
          "mean": 3.0,
          "p50": 3.0,
          "p90": 3.0,
          "p95": 3.0
        },
        "interarrival_ms": {
          "sample_count": 3,
          "mean": 2.4379889170328775,
          "p50": 2.6090145111083984,
          "p90": 2.949857711791992,
          "p95": 2.9924631118774414
        },
        "output_tokens": {
          "sample_count": 3,
          "mean": 1887.3333333333333,
          "p50": 1895.0,
          "p90": 1906.2,
          "p95": 1907.6
        }
      },
      "5": {
        "remaining_calls": {
          "sample_count": 3,
          "mean": 2.0,
          "p50": 2.0,
          "p90": 2.0,
          "p95": 2.0
        },
        "interarrival_ms": {
          "sample_count": 3,
          "mean": 2.4826526641845703,
          "p50": 2.755880355834961,
          "p90": 2.9799938201904297,
          "p95": 3.0080080032348633
        },
        "output_tokens": {
          "sample_count": 3,
          "mean": 1643.3333333333333,
          "p50": 1672.0,
          "p90": 1690.4,
          "p95": 1692.7
        }
      },
      "6": {
        "remaining_calls": {
          "sample_count": 3,
          "mean": 1.0,
          "p50": 1.0,
          "p90": 1.0,
          "p95": 1.0
        },
        "interarrival_ms": {
          "sample_count": 3,
          "mean": 2.7863184611002603,
          "p50": 2.939939498901367,
          "p90": 3.098440170288086,
          "p95": 3.118252754211426
        },
        "output_tokens": {
          "sample_count": 3,
          "mean": 1495.6666666666667,
          "p50": 1538.0,
          "p90": 1565.2,
          "p95": 1568.6
        }
      },
      "7": {
        "remaining_calls": {
          "sample_count": 3,
          "mean": 0.0,
          "p50": 0.0,
          "p90": 0.0,
          "p95": 0.0
        },
        "interarrival_ms": {
          "sample_count": 0,
          "mean": 0.0,
          "p50": 0.0,
          "p90": 0.0,
          "p95": 0.0
        },
        "output_tokens": {
          "sample_count": 3,
          "mean": 1508.0,
          "p50": 1475.0,
          "p90": 1661.4,
          "p95": 1684.7
        }
      }
    },
    "predictions_any_index": {
      "remaining_calls": {
        "sample_count": 21,
        "mean": 3.0,
        "p50": 3.0,
        "p90": 6.0,
        "p95": 6.0
      },
      "interarrival_ms": {
        "sample_count": 18,
        "mean": 2.3823844061957464,
        "p50": 2.5490522384643555,
        "p90": 3.0353546142578125,
        "p95": 3.051328659057617
      },
      "output_tokens": {
        "sample_count": 21,
        "mean": 1718.3333333333333,
        "p50": 1701.0,
        "p90": 2048.0,
        "p95": 2048.0
      }
    },
    "children": {
      "root": {
        "name": "root",
        "predictions_by_call_index": {
          "1": {
            "remaining_calls": {
              "sample_count": 3,
              "mean": 6.0,
              "p50": 6.0,
              "p90": 6.0,
              "p95": 6.0
            },
            "interarrival_ms": {
              "sample_count": 3,
              "mean": 1.8059412638346355,
              "p50": 1.7931461334228516,
              "p90": 1.8455982208251953,
              "p95": 1.8521547317504883
            },
            "output_tokens": {
              "sample_count": 3,
              "mean": 1672.3333333333333,
              "p50": 1701.0,
              "p90": 1726.6,
              "p95": 1729.8
            }
          },
          "2": {
            "remaining_calls": {
              "sample_count": 3,
              "mean": 5.0,
              "p50": 5.0,
              "p90": 5.0,
              "p95": 5.0
            },
            "interarrival_ms": {
              "sample_count": 3,
              "mean": 2.2406578063964844,
              "p50": 2.4890899658203125,
              "p90": 2.7505874633789062,
              "p95": 2.7832746505737305
            },
            "output_tokens": {
              "sample_count": 3,
              "mean": 2048.0,
              "p50": 2048.0,
              "p90": 2048.0,
              "p95": 2048.0
            }
          },
          "3": {
            "remaining_calls": {
              "sample_count": 3,
              "mean": 4.0,
              "p50": 4.0,
              "p90": 4.0,
              "p95": 4.0
            },
            "interarrival_ms": {
              "sample_count": 3,
              "mean": 2.540747324625651,
              "p50": 2.7360916137695312,
              "p90": 2.8177261352539062,
              "p95": 2.827930450439453
            },
            "output_tokens": {
              "sample_count": 3,
              "mean": 1773.6666666666667,
              "p50": 1744.0,
              "p90": 1863.2,
              "p95": 1878.1
            }
          },
          "4": {
            "remaining_calls": {
              "sample_count": 3,
              "mean": 3.0,
              "p50": 3.0,
              "p90": 3.0,
              "p95": 3.0
            },
            "interarrival_ms": {
              "sample_count": 3,
              "mean": 2.4379889170328775,
              "p50": 2.6090145111083984,
              "p90": 2.949857711791992,
              "p95": 2.9924631118774414
            },
            "output_tokens": {
              "sample_count": 3,
              "mean": 1887.3333333333333,
              "p50": 1895.0,
              "p90": 1906.2,
              "p95": 1907.6
            }
          },
          "5": {
            "remaining_calls": {
              "sample_count": 3,
              "mean": 2.0,
              "p50": 2.0,
              "p90": 2.0,
              "p95": 2.0
            },
            "interarrival_ms": {
              "sample_count": 3,
              "mean": 2.4826526641845703,
              "p50": 2.755880355834961,
              "p90": 2.9799938201904297,
              "p95": 3.0080080032348633
            },
            "output_tokens": {
              "sample_count": 3,
              "mean": 1643.3333333333333,
              "p50": 1672.0,