{
  "average_score": 13.85,
  "eval_output_items": [
    {
      "id": "incident_001",
      "score": 14.3982,
      "reasoning": {
        "num_llm_calls": 12,
        "latencies": [
          2.682097911834717,
          22.323893070220947,
          19.65335702896118,
          18.429975986480713,
          10.693455934524536,
          27.013756275177002,
          10.886131048202515,
          17.801657676696777,
          9.653373956680298,
          11.244343996047974,
          9.623613834381104,
          12.773092269897461
        ]
      },
      "error": null
    },
    {
      "id": "incident_002",
      "score": 14.0656,
      "reasoning": {
        "num_llm_calls": 12,
        "latencies": [
          3.208761215209961,
          17.52955198287964,
          22.27525496482849,
          21.797645092010498,
          9.69490909576416,
          19.938697814941406,
          9.894279956817627,
          21.44173812866211,
          10.531654119491577,
          11.751238107681274,
          7.446353912353516,
          13.276790142059326
        ]
      },
      "error": null
    },
    {
      "id": "incident_003",
      "score": 13.0951,
      "reasoning": {
        "num_llm_calls": 12,
        "latencies": [
          3.913689136505127,
          17.114809036254883,
          17.97800612449646,
          20.400552988052368,
          10.162669658660889,
          18.024610996246338,
          12.302054166793823,
          19.35800790786743,
          11.966077327728271,
          8.473190784454346,
          6.157174825668335,
          11.289834022521973
        ]
      },
      "error": null
    }
  ]
}